Actual,Predicted
2,3.401863046940033
2,3.6238369618915725
